القسم,الصنف,السعر,الوصف,متاح
قهوة ساخنة,هوت شوكلت,14,,نعم
قهوة ساخنة,اسبريسو,8,,نعم
قهوة ساخنة,فلات وايت,13,,نعم
قهوة ساخنة,لاتيه,14,,نعم
قهوة ساخنة,كابتشينو,14,,نعم
قهوة ساخنة,كورتادو,12,,نعم
قهوة ساخنة,امريكانو,10,,نعم
قهوة ساخنة,موكا,14,,نعم
قهوة ساخنة,اسبريسو ماكياتو,10,,نعم
قهوة ساخنة,قهوة تركيه,12,,نعم
قهوة ساخنة,قهوة فرنسية,12,,نعم
قهوة ساخنة,قهوة ايطالي,14,,نعم
قهوة ساخنة,قهوة عربية,20,,نعم
قهوة ساخنة,شاي,5,,نعم
قهوة ساخنة,ابريق شاي,20,,نعم
قهوة ساخنة,شاي كرك,8,,نعم
قهوة باردة,سبانيش لاتيه,16,,نعم
قهوة باردة,بستاشيو,19,,نعم
قهوة باردة,زعفران,19,,نعم
قهوة باردة,ايس لاتيه,14,,نعم
قهوة باردة,ايس امريكنو,12,,نعم
قهوة باردة,ايس موكا,14,,نعم
قهوة باردة,ايس وايت موكا,17,,نعم
قهوة باردة,ايس تي,15,,نعم
قهوة باردة,كارميل ماكياتو,15,,نعم
قهوة باردة,موهيتو,12,,نعم
قهوة باردة,كركدية,15,,نعم
قهوة باردة,ماتشا,19,,نعم
قهوة باردة,ماء,1,,نعم
قهوة مقطرة,مقطرة V60,13,,نعم
قهوة مقطرة,قهوة اليوم,9,,نعم
قهوة مقطرة,ترمس شاي,35,,نعم
قهوة مقطرة,ترمس قهوة,40,,نعم
حلويات,كوكيز سينامون,15,,نعم
حلويات,كوكيز كيك,9,,نعم
حلويات,سان سباستيان,18,,نعم
حلويات,كيك ماربل,8,,نعم
حلويات,كيكة العسل,14,,نعم
حلويات,كيكة ايس كريم,15,,نعم
حلويات,تشيز كيك لوتس,14,,نعم
حلويات,وافل,6,,نعم
حلويات,كرواسون,8,,نعم
حلويات,سوفلية,12,,نعم
حلويات,كيكة ليمون,8,,نعم
حلويات,كيكة سينابون,12,,نعم
حلويات,كيكة زعفران,12,,نعم
حلويات,كيكة تمر,14,,نعم
حلويات,كيكة جوانش,18,,نعم
حلويات,كيكة شوكوتشيز,18,,نعم
حلويات,تراميسو,16,,نعم
حلويات,بانكيك,10,,نعم
حلويات,بانكيك (2),20,,نعم
حلويات,دونات,8,,نعم
مكسرات,مكسرات,5,,نعم
